{
  "project_info": {
    "project_number": "231294544002",
    "project_id": "ofekventuraproject-69677",
    "storage_bucket": "ofekventuraproject-69677.appspot.com"
  },
  "client": [
    {
      "client_info": {
        "mobilesdk_app_id": "1:231294544002:android:c2d868d2fdfe2cb777ec9b",
        "android_client_info": {
          "package_name": "com.companyname.ofekventura_project"
        }
      },
      "oauth_client": [
        {
          "client_id": "231294544002-spq2jilqlgi6i70m2u4p3f5s18euad0e.apps.googleusercontent.com",
          "client_type": 3
        }
      ],
      "api_key": [
        {
          "current_key": "AIzaSyAF-dtvViwx20XS8nTSMjQWd-KRcM0y4Fg"
        }
      ],
      "services": {
        "appinvite_service": {
          "other_platform_oauth_client": [
            {
              "client_id": "231294544002-spq2jilqlgi6i70m2u4p3f5s18euad0e.apps.googleusercontent.com",
              "client_type": 3
            }
          ]
        }
      }
    }
  ],
  "configuration_version": "1"
}